BRISK_BRIEF_MAT_FLANN,BRISK_BRISK_MAT_BF,SHITOMASI_BRIEF_MAT_BF
13.137,13.6587,-inf
20.1804,-15.6653,12.4658
-32.4964,17.4664,-inf
64.4732,27.8165,14.7882
79.6866,-18.6099,22.6983
-2.94975,11.7849,80.5667
24.0485,-34.4367,-inf
-9.06215,36.995,101.52
-0.284595,10.5643,11.3024
-4.39052,16.9841,-inf
17.7432,9.91339,53.5227
35.2255,55.5537,9.74072
-91.3593,16.5407,11.6054
22.6713,8.47668,14.8086
-7.29216,11.6269,8.94403
20.1373,12.3558,19.2855
91.5088,13.981,9.76237
-11.6007,9.56555,6.45337
